[{"model": "admin.logentry", "pk": 1, "fields": {"action_time": "2022-04-25T10:44:40.556Z", "user": 1, "content_type": 8, "object_id": "32", "object_repr": "Срок приема документов – 17 июня – 24 октября 2022\r\nДаты окончания предоставления согласия на зачисления – 21 ...", "action_flag": 2, "change_message": "[{\"changed\": {\"fields\": [\"Text\"]}}]"}}, {"model": "admin.logentry", "pk": 2, "fields": {"action_time": "2022-04-25T10:44:51.578Z", "user": 1, "content_type": 8, "object_id": "31", "object_repr": "Срок приема документов – 17 июня – 26 августа 2022\r\nСрок проведения вступительных испытаний – по мере комплект...", "action_flag": 2, "change_message": "[{\"changed\": {\"fields\": [\"Text\"]}}]"}}, {"model": "admin.logentry", "pk": 3, "fields": {"action_time": "2022-04-25T10:45:15.415Z", "user": 1, "content_type": 8, "object_id": "28", "object_repr": "1. Анкета (заполняется в личном кабинете)\r\n2. Документ, подтверждающий личность, гражданство\r\n3. Документ об о...", "action_flag": 2, "change_message": "[{\"changed\": {\"fields\": [\"Text\"]}}]"}}, {"model": "admin.logentry", "pk": 4, "fields": {"action_time": "2022-04-25T10:45:26.795Z", "user": 1, "content_type": 8, "object_id": "27", "object_repr": "Срок приема документов – 17 июня - 18 июля 2022\r\nСрок завершения вступительных испытаний – 25 июля 2022\r\nДата ...", "action_flag": 2, "change_message": "[{\"changed\": {\"fields\": [\"Text\"]}}]"}}, {"model": "admin.logentry", "pk": 5, "fields": {"action_time": "2022-04-25T10:46:06.058Z", "user": 1, "content_type": 8, "object_id": "25", "object_repr": "По приезду все иностранные студенты обязательно должны встать на миграционный учет в течение 7 дней с даты въе...", "action_flag": 2, "change_message": "[{\"changed\": {\"fields\": [\"Text\"]}}]"}}, {"model": "admin.logentry", "pk": 6, "fields": {"action_time": "2022-04-25T10:46:23.433Z", "user": 1, "content_type": 8, "object_id": "24", "object_repr": "Сдать вступительные экзамены можно очно в приемной комиссии АГУ или дистанционно при наличии у поступающего те...", "action_flag": 2, "change_message": "[{\"changed\": {\"fields\": [\"Text\"]}}]"}}, {"model": "admin.logentry", "pk": 7, "fields": {"action_time": "2022-04-25T10:46:38.961Z", "user": 1, "content_type": 8, "object_id": "23", "object_repr": "Подать документы в Алтайский государственный университет можно онлайн. Для этого переходи и регистрируйся в се...", "action_flag": 2, "change_message": "[{\"changed\": {\"fields\": [\"Text\"]}}]"}}, {"model": "admin.logentry", "pk": 8, "fields": {"action_time": "2022-04-25T10:46:51.338Z", "user": 1, "content_type": 8, "object_id": "26", "object_repr": "Выбери форму обучения:", "action_flag": 2, "change_message": "[]"}}, {"model": "admin.logentry", "pk": 9, "fields": {"action_time": "2022-04-25T10:48:04.232Z", "user": 1, "content_type": 8, "object_id": "13", "object_repr": "Поступить в АГУ просто:\r\nШаг 1. Выбери образовательную программу \r\nШаг 2. Ознакомься со сроками приемной кампа...", "action_flag": 2, "change_message": "[{\"changed\": {\"fields\": [\"Text\"]}}]"}}, {"model": "admin.logentry", "pk": 10, "fields": {"action_time": "2022-04-25T10:48:19.218Z", "user": 1, "content_type": 8, "object_id": "12", "object_repr": "Мы предлагаем программы среднего профессионального образования выпускникам 9 и 11 классов. \r\nВыбери, о чем рас...", "action_flag": 2, "change_message": "[{\"changed\": {\"fields\": [\"Text\"]}}]"}}, {"model": "admin.logentry", "pk": 11, "fields": {"action_time": "2022-04-25T10:48:31.376Z", "user": 1, "content_type": 8, "object_id": "11", "object_repr": "Алтайский государственный университет предлагает большой выбор программ магистратуры и аспирантуры гуманитарны...", "action_flag": 2, "change_message": "[{\"changed\": {\"fields\": [\"Text\"]}}]"}}, {"model": "admin.logentry", "pk": 12, "fields": {"action_time": "2022-04-25T10:48:52.725Z", "user": 1, "content_type": 8, "object_id": "8", "object_repr": "К индивидуальным достижениям относятся: аттестат с отличием о среднем образовании, золотая или серебряная меда...", "action_flag": 2, "change_message": "[{\"changed\": {\"fields\": [\"Text\"]}}]"}}, {"model": "admin.logentry", "pk": 13, "fields": {"action_time": "2022-04-25T10:49:20.571Z", "user": 1, "content_type": 8, "object_id": "7", "object_repr": "Подать документы лично в приемную комиссию АГУ можно по адресу: г.Барнаул, пр.Ленина, 61\r\nПриемная комиссия жд...", "action_flag": 2, "change_message": "[{\"changed\": {\"fields\": [\"Text\"]}}]"}}, {"model": "admin.logentry", "pk": 14, "fields": {"action_time": "2022-04-25T10:49:34.768Z", "user": 1, "content_type": 8, "object_id": "6", "object_repr": "Подать документы онлайн в Алтайский государственный университет можно тремя способами:\r\n1) Отправить пакет док...", "action_flag": 2, "change_message": "[{\"changed\": {\"fields\": [\"Text\"]}}]"}}, {"model": "admin.logentry", "pk": 15, "fields": {"action_time": "2022-04-25T10:50:02.864Z", "user": 1, "content_type": 8, "object_id": "3", "object_repr": "Алтайский государственный университет – это место, где каждый иностранец сможет выбрать свой образовательный т...", "action_flag": 2, "change_message": "[{\"changed\": {\"fields\": [\"Text\"]}}]"}}, {"model": "admin.logentry", "pk": 16, "fields": {"action_time": "2022-04-25T10:50:10.377Z", "user": 1, "content_type": 8, "object_id": "2", "object_repr": "Алтайский государственный университет предлагает 300+ образовательных программ. Выбери уровень образования, ко...", "action_flag": 2, "change_message": "[]"}}, {"model": "admin.logentry", "pk": 17, "fields": {"action_time": "2022-04-25T10:50:33.603Z", "user": 1, "content_type": 8, "object_id": "1", "object_repr": "Поступить в АГУ просто. Для этого нужно:\r\nШаг 1. Выбрать направление подготовки\r\nШаг 2. Зарегистрироваться в л...", "action_flag": 2, "change_message": "[{\"changed\": {\"fields\": [\"Text\"]}}]"}}, {"model": "admin.logentry", "pk": 18, "fields": {"action_time": "2022-04-25T10:50:40.461Z", "user": 1, "content_type": 8, "object_id": "1", "object_repr": "Поступить в АГУ просто. Для этого нужно:\r\nШаг 1. Выбрать направление подготовки\r\nШаг 2. Зарегистрироваться в л...", "action_flag": 2, "change_message": "[]"}}, {"model": "admin.logentry", "pk": 19, "fields": {"action_time": "2022-04-25T10:50:52.091Z", "user": 1, "content_type": 8, "object_id": "0", "object_repr": "Привет, дорогой абитуриент! Я - чат-бот Алтайского государственного университета.\r\nЯ создан, чтобы помочь тебе...", "action_flag": 2, "change_message": "[{\"changed\": {\"fields\": [\"Text\"]}}]"}}, {"model": "admin.logentry", "pk": 20, "fields": {"action_time": "2022-04-25T10:51:39.460Z", "user": 1, "content_type": 9, "object_id": "58", "object_repr": "Текст: начать -> Привет, дорогой абитуриент! Я - чат-бот Алтайского государственного университета.\r\nЯ создан, чтобы помочь тебе...", "action_flag": 1, "change_message": "[{\"added\": {}}]"}}, {"model": "admin.logentry", "pk": 21, "fields": {"action_time": "2022-04-25T10:52:01.564Z", "user": 1, "content_type": 9, "object_id": "59", "object_repr": "Текст: /start -> Привет, дорогой абитуриент! Я - чат-бот Алтайского государственного университета.\r\nЯ создан, чтобы помочь тебе...", "action_flag": 1, "change_message": "[{\"added\": {}}]"}}, {"model": "admin.logentry", "pk": 22, "fields": {"action_time": "2022-04-27T05:42:56.052Z", "user": 1, "content_type": 9, "object_id": "58", "object_repr": "Текст: Начать -> Привет, дорогой абитуриент! Я - чат-бот Алтайского государственного университета.\r\nЯ создан, чтобы помочь тебе...", "action_flag": 2, "change_message": "[{\"changed\": {\"fields\": [\"Text\"]}}]"}}, {"model": "admin.logentry", "pk": 23, "fields": {"action_time": "2022-04-27T05:43:14.314Z", "user": 1, "content_type": 9, "object_id": "58", "object_repr": "Текст: начать -> Привет, дорогой абитуриент! Я - чат-бот Алтайского государственного университета.\r\nЯ создан, чтобы помочь тебе...", "action_flag": 2, "change_message": "[{\"changed\": {\"fields\": [\"Text\"]}}]"}}, {"model": "admin.logentry", "pk": 24, "fields": {"action_time": "2022-04-27T05:45:10.288Z", "user": 1, "content_type": 9, "object_id": "58", "object_repr": "Текст: начать -> Привет, дорогой абитуриент! Я - чат-бот Алтайского государственного университета.\r\nЯ создан, чтобы помочь тебе...", "action_flag": 2, "change_message": "[{\"changed\": {\"fields\": [\"Text\"]}}]"}}, {"model": "admin.logentry", "pk": 25, "fields": {"action_time": "2022-04-29T10:43:12.866Z", "user": 1, "content_type": 8, "object_id": "33", "object_repr": "Если остались вопросы, отправь мне сообщение, и я соединю тебя напрямую с приемной комиссией АГУ.", "action_flag": 2, "change_message": "[{\"changed\": {\"fields\": [\"Text\"]}}]"}}, {"model": "auth.user", "pk": 1, "fields": {"password": "pbkdf2_sha256$320000$GO7uocYadATwL8hUOcDvem$6inh5COj+OHvwcsaJgEfL1Ha/3qiVOZ5icw4mUCGvhs=", "last_login": "2022-04-29T09:42:52.105Z", "is_superuser": true, "username": "admin", "first_name": "", "last_name": "", "email": "", "is_staff": true, "is_active": true, "date_joined": "2022-04-25T10:43:49.562Z", "groups": [], "user_permissions": []}}, {"model": "sessions.session", "pk": "0l0mrgm0w25cwpo8xvyvqeb7x6dl2ur2", "fields": {"session_data": ".eJxVjMsOwiAURP-FtSG8Hy7d9xsI3EulaiAp7cr479KkC11NMufMvEmI-1bC3vMaFiRXwsnlt0sRnrkeAB-x3huFVrd1SfRQ6Ek7nRrm1-10_w5K7GWshTIZlGaoDU8jZyajSLPlHjgACpGN194ylgS4YaG0DsCiljkKpzT5fAHOsjdl:1nkN9I:VlH3xRvz30nGzfnUefAiUSDHKzply_WfOvzh177q-sg", "expire_date": "2022-05-13T09:42:52.151Z"}}, {"model": "sessions.session", "pk": "bupxadnehzj3mgekywdjo44najj4htft", "fields": {"session_data": ".eJxVjMsOwiAURP-FtSG8Hy7d9xsI3EulaiAp7cr479KkC11NMufMvEmI-1bC3vMaFiRXwsnlt0sRnrkeAB-x3huFVrd1SfRQ6Ek7nRrm1-10_w5K7GWshTIZlGaoDU8jZyajSLPlHjgACpGN194ylgS4YaG0DsCiljkKpzT5fAHOsjdl:1niwCQ:dnhF9h3SqAoZXKDXFTEOykUwIbBP4gJ-OoXzNV07qgM", "expire_date": "2022-05-09T10:44:10.811Z"}}, {"model": "constructor.message", "pk": 0, "fields": {"text": "Привет, дорогой абитуриент! Я - чат-бот Алтайского государственного университета.\r\nЯ создан, чтобы помочь тебе разобраться в вопросах поступления в вуз.\r\nВыбери, чем я могу быть полезен тебе сегодня:"}}, {"model": "constructor.message", "pk": 1, "fields": {"text": "Поступить в АГУ просто. Для этого нужно:\r\nШаг 1. Выбрать направление подготовки\r\nШаг 2. Зарегистрироваться в личном кабинете абитуриента\r\nШаг 3. Указать индивидуальные достижения\r\nШаг 4. Пройти вступительные испытания (если это необходимо)\r\nШаг 5. Подать согласие на зачисление\r\nШаг 6. Следить за своей позицией в рейтинге\r\nВыбери, о чем рассказать подробнее:"}}, {"model": "constructor.message", "pk": 2, "fields": {"text": "Алтайский государственный университет предлагает 300+ образовательных программ. Выбери уровень образования, который тебя интересует:"}}, {"model": "constructor.message", "pk": 3, "fields": {"text": "Алтайский государственный университет – это место, где каждый иностранец сможет выбрать свой образовательный трек. Ежегодно к нам поступает более 900 иностранных абитуриентов из стран Центральной Азии и Европы. Присоединяйся и ты!\r\nВыбери, о чем рассказать подробнее:"}}, {"model": "constructor.message", "pk": 4, "fields": {"text": "Информацию по общежитиям в АлтГУ вы можете найти на нашем сайте здесь"}}, {"model": "constructor.message", "pk": 5, "fields": {"text": "Чтобы узнать актуальную информацию о рейтинге абитуриентов, перейди по ссылке"}}, {"model": "constructor.message", "pk": 6, "fields": {"text": "Подать документы онлайн в Алтайский государственный университет можно тремя способами:\r\n1) Отправить пакет документов на адрес электронной почты prcom@asu.ru\r\n2) Подать документы через онлайн-сервис «Личный кабинет» на сайте АГУ\r\n3) Подать документы через Единый портал государственных услуг"}}, {"model": "constructor.message", "pk": 7, "fields": {"text": "Подать документы лично в приемную комиссию АГУ можно по адресу: г.Барнаул, пр.Ленина, 61\r\nПриемная комиссия ждет абитуриентов\r\nс понедельника по пятницу с 9:00 до 18:00\r\nсуббота с 9:00 до 15:00\r\nвоскресенье – выходной.\r\nС нами можно связаться по телефону +7 (3852) 291-222, заказать звонок или написать в Whats app"}}, {"model": "constructor.message", "pk": 8, "fields": {"text": "К индивидуальным достижениям относятся: аттестат с отличием о среднем образовании, золотая или серебряная медали, победа или призовое место в олимпиадах школьников.\r\nЗа индивидуальные достижения можно получить от 3 до 10 баллов, которые включаются в сумму конкурсных баллов и повышают позиции в рейтинге."}}, {"model": "constructor.message", "pk": 9, "fields": {"text": "Чтобы узнать актуальную информацию о рейтинге абитуриентов, перейди по ссылке"}}, {"model": "constructor.message", "pk": 10, "fields": {"text": "Давай вместе выберем направление подготовки для тебя!"}}, {"model": "constructor.message", "pk": 11, "fields": {"text": "Алтайский государственный университет предлагает большой выбор программ магистратуры и аспирантуры гуманитарных и естественнонаучных направлений для подготовки кадров высшей квалификации. Мы готовим лидеров, способных проводить передовые научные исследования и решать вызовы современного цифрового мира. Присоединяйся!\r\nВыбирай, чем я могу быть тебе полезен:"}}, {"model": "constructor.message", "pk": 12, "fields": {"text": "Мы предлагаем программы среднего профессионального образования выпускникам 9 и 11 классов. \r\nВыбери, о чем рассказать подробнее:"}}, {"model": "constructor.message", "pk": 13, "fields": {"text": "Поступить в АГУ просто:\r\nШаг 1. Выбери образовательную программу \r\nШаг 2. Ознакомься со сроками приемной кампании 2022\r\nШаг 3. Подай документы\r\nШаг 4. Сдай вступительные испытания\r\nШаг 5. Оформи пребывание в России"}}, {"model": "constructor.message", "pk": 14, "fields": {"text": "Полный перечень документов доступен по ссылке"}}, {"model": "constructor.message", "pk": 15, "fields": {"text": "Сроки подачи документов смотри на нашем сайте"}}, {"model": "constructor.message", "pk": 16, "fields": {"text": "Переходи и регистрируйся в личном кабинете абитуриента"}}, {"model": "constructor.message", "pk": 17, "fields": {"text": "Перейди по ссылке, чтобы открыть портал"}}, {"model": "constructor.message", "pk": 18, "fields": {"text": "Информацию о дополнительных баллах ты найдешь нашем сайте"}}, {"model": "constructor.message", "pk": 19, "fields": {"text": "Информацию о приятных бонусах при поступлении ты найдешь нашем сайте"}}, {"model": "constructor.message", "pk": 20, "fields": {"text": "К индивидуальным достижениям относятся: аттестат с отличием о среднем образовании, золотая или серебряная медали, победа или призовое место в олимпиадах школьников. За индивидуальные достижения можно получить от 3 до 10 баллов, которые включаются в сумму конкурсных баллов и повышают позиции в рейтинге."}}, {"model": "constructor.message", "pk": 21, "fields": {"text": "Подробнее о всех образовательных программах АГУ смотри здесь"}}, {"model": "constructor.message", "pk": 22, "fields": {"text": "Выбери, что подходит тебе:"}}, {"model": "constructor.message", "pk": 23, "fields": {"text": "Подать документы в Алтайский государственный университет можно онлайн. Для этого переходи и регистрируйся в сервисе «Личный кабинет абитуриента»\r\nПомощь при работе с сервисом «Личный кабинет абитуриента» можно получить по телефону +7 (3852) 291-222"}}, {"model": "constructor.message", "pk": 24, "fields": {"text": "Сдать вступительные экзамены можно очно в приемной комиссии АГУ или дистанционно при наличии у поступающего технических возможностей: наличие e-mail, возможность использования платформы MOODLE, наличие оборудования для видеоконференций, обеспечивающего идентификацию личности.\r\nВступительные испытания проводятся только на русском языке."}}, {"model": "constructor.message", "pk": 25, "fields": {"text": "По приезду все иностранные студенты обязательно должны встать на миграционный учет в течение 7 дней с даты въезда на территорию России.\r\nВ день прибытия или на следующий рабочий день до 12:00 всем иностранным студентам в обязательном порядке следует подойти в Отдел международных связей университета (пр. Ленина, 61, 4 этаж, кабинет 400) для постановки на миграционный учет. С собой необходимо иметь:\r\n1. паспорт (или другой удостоверяющий личность документ, по которому был совершен въезд);\r\n2. визу (для абитуриентов из визовых стран);\r\n3. миграционную карту с отметкой о пересечении границы Российской Федерации."}}, {"model": "constructor.message", "pk": 26, "fields": {"text": "Выбери форму обучения:"}}, {"model": "constructor.message", "pk": 27, "fields": {"text": "Срок приема документов – 17 июня - 18 июля 2022\r\nСрок завершения вступительных испытаний – 25 июля 2022\r\nДата окончания предоставления согласия на зачисления – 3 августа 2022\r\nДата зачисления – 9 августа 2022"}}, {"model": "constructor.message", "pk": 28, "fields": {"text": "1. Анкета (заполняется в личном кабинете)\r\n2. Документ, подтверждающий личность, гражданство\r\n3. Документ об образовании\r\n4. Две фотографии «на документы» для поступающих по результатам вступительных испытаний, проводимых вузом самостоятельно\r\n5. Документы, подтверждающие индивидуальные достижения"}}, {"model": "constructor.message", "pk": 29, "fields": {"text": "Переходи по ссылке, чтобы пройти онлайн-тренировку вступительных тестов."}}, {"model": "constructor.message", "pk": 30, "fields": {"text": "Переходи по ссылке и готовься к вступительным испытаниям вместе с АГУ!"}}, {"model": "constructor.message", "pk": 31, "fields": {"text": "Срок приема документов – 17 июня – 26 августа 2022\r\nСрок проведения вступительных испытаний – по мере комплектования групп\r\nДаты окончания предоставления согласия на зачисления – 21 июля, 11, 18, 30 августа 2022\r\nДаты зачисления – 22 июля, 12, 19, 31 августа 2022"}}, {"model": "constructor.message", "pk": 32, "fields": {"text": "Срок приема документов – 17 июня – 24 октября 2022\r\nДаты окончания предоставления согласия на зачисления – 21 июля, 20 августа, 9, 29 сентября, 28 октября 2022\r\nДаты зачисления – 22 июля, 22 августа, 12, 30 сентября, 31 октября 2022"}}, {"model": "constructor.message", "pk": 33, "fields": {"text": "Если остались вопросы, отправь мне сообщение, и я соединю тебя напрямую с приемной комиссией АГУ."}}, {"model": "constructor.button", "pk": 1, "fields": {"message": 0, "text": "Как поступить в АГУ?", "link": null, "number": 1}}, {"model": "constructor.button", "pk": 2, "fields": {"message": 0, "text": "Образовательные программы АГУ", "link": null, "number": 2}}, {"model": "constructor.button", "pk": 3, "fields": {"message": 0, "text": "Иностранным абитуриентам", "link": null, "number": 3}}, {"model": "constructor.button", "pk": 4, "fields": {"message": 0, "text": "Общежития", "link": null, "number": 4}}, {"model": "constructor.button", "pk": 5, "fields": {"message": 0, "text": "Рейтинг абитуриентов", "link": null, "number": 5}}, {"model": "constructor.button", "pk": 6, "fields": {"message": 0, "text": "Написать в WhatsApp", "link": "https://wa.me/79339333799", "number": 6}}, {"model": "constructor.button", "pk": 7, "fields": {"message": 1, "text": "Поступление в вуз онлайн", "link": null, "number": 1}}, {"model": "constructor.button", "pk": 8, "fields": {"message": 1, "text": "Поступление в вуз лично", "link": null, "number": 2}}, {"model": "constructor.button", "pk": 9, "fields": {"message": 1, "text": "Что относится к индивидуальным достижени", "link": null, "number": 3}}, {"model": "constructor.button", "pk": 10, "fields": {"message": 1, "text": "Рейтинг абитуриентов", "link": null, "number": 4}}, {"model": "constructor.button", "pk": 11, "fields": {"message": 2, "text": "бакалавриат\\специалитет", "link": null, "number": 1}}, {"model": "constructor.button", "pk": 12, "fields": {"message": 2, "text": "магистратура\\аспирантура", "link": null, "number": 2}}, {"model": "constructor.button", "pk": 13, "fields": {"message": 2, "text": "СПО", "link": null, "number": 3}}, {"model": "constructor.button", "pk": 14, "fields": {"message": 3, "text": "Как поступить", "link": null, "number": 1}}, {"model": "constructor.button", "pk": 15, "fields": {"message": 3, "text": "Про вступительные экзамены", "link": null, "number": 2}}, {"model": "constructor.button", "pk": 16, "fields": {"message": 4, "text": "Ссылка", "link": "https://abiturient.asu.ru/dormitory/", "number": 1}}, {"model": "constructor.button", "pk": 17, "fields": {"message": 5, "text": "Ссылка", "link": "https://abiturient.asu.ru/ratings/", "number": 1}}, {"model": "constructor.button", "pk": 18, "fields": {"message": 6, "text": "Перечень документов для поступления", "link": null, "number": 1}}, {"model": "constructor.button", "pk": 19, "fields": {"message": 6, "text": "Сроки подачи документов", "link": null, "number": 2}}, {"model": "constructor.button", "pk": 20, "fields": {"message": 6, "text": "Личный кабинет абитуриента", "link": null, "number": 3}}, {"model": "constructor.button", "pk": 21, "fields": {"message": 6, "text": "Единый портал государственных услуг", "link": null, "number": 4}}, {"model": "constructor.button", "pk": 22, "fields": {"message": 7, "text": "Написать в WhatsApp", "link": "https://wa.me/79339333799", "number": 1}}, {"model": "constructor.button", "pk": 23, "fields": {"message": 8, "text": "Сколько дополнительных баллов я могу пол", "link": null, "number": 1}}, {"model": "constructor.button", "pk": 24, "fields": {"message": 8, "text": "Какие бонусы я могу получить при поступл", "link": null, "number": 2}}, {"model": "constructor.button", "pk": 25, "fields": {"message": 9, "text": "Рейтинг абитуриентов", "link": "https://abiturient.asu.ru/ratings/", "number": 1}}, {"model": "constructor.button", "pk": 26, "fields": {"message": 10, "text": "Калькулятор абитуриента", "link": "https://abiturient.asu.ru/bachelor/calc/", "number": 1}}, {"model": "constructor.button", "pk": 27, "fields": {"message": 10, "text": "Все направления подготовки", "link": "https://abiturient.asu.ru/bachelor/napr1/", "number": 2}}, {"model": "constructor.button", "pk": 28, "fields": {"message": 10, "text": "Минимальные баллы 2022", "link": "https://abiturient.asu.ru/bachelor/exam2021/min2022/", "number": 3}}, {"model": "constructor.button", "pk": 29, "fields": {"message": 10, "text": "Платное образование", "link": "https://abiturient.asu.ru/bachelor/paid_edu2021/", "number": 4}}, {"model": "constructor.button", "pk": 30, "fields": {"message": 10, "text": "Целевое обучение", "link": "https://abiturient.asu.ru/bachelor/celev2021/", "number": 5}}, {"model": "constructor.button", "pk": 31, "fields": {"message": 10, "text": "Индивидуальные достижения", "link": null, "number": 6}}, {"model": "constructor.button", "pk": 32, "fields": {"message": 11, "text": "Все направления подготовки", "link": "https://abiturient.asu.ru/postgraduate/mag2021/", "number": 1}}, {"model": "constructor.button", "pk": 33, "fields": {"message": 11, "text": "Вступительные испытания", "link": "https://abiturient.asu.ru/postgraduate/programs2021/", "number": 2}}, {"model": "constructor.button", "pk": 34, "fields": {"message": 11, "text": "Платное образование", "link": "https://abiturient.asu.ru/postgraduate/paid_edu2021/", "number": 3}}, {"model": "constructor.button", "pk": 35, "fields": {"message": 11, "text": "Целевое обучение", "link": "https://abiturient.asu.ru/postgraduate/celev2021/", "number": 4}}, {"model": "constructor.button", "pk": 36, "fields": {"message": 12, "text": "Специальности для выпускников 9 классов", "link": "http://new.college.asu.ru/#ochnoe9", "number": 1}}, {"model": "constructor.button", "pk": 37, "fields": {"message": 12, "text": "Специальности для выпускников 11 классов", "link": "http://new.college.asu.ru/#ochnoe11", "number": 2}}, {"model": "constructor.button", "pk": 38, "fields": {"message": 12, "text": "Вступительные испытания", "link": "https://abiturient.asu.ru/college/programs2021/", "number": 3}}, {"model": "constructor.button", "pk": 39, "fields": {"message": 12, "text": "Платное образование", "link": "https://abiturient.asu.ru/college/paid_edu2021/", "number": 4}}, {"model": "constructor.button", "pk": 40, "fields": {"message": 13, "text": "Образовательные программы", "link": null, "number": 1}}, {"model": "constructor.button", "pk": 41, "fields": {"message": 13, "text": "Сроки приема", "link": null, "number": 2}}, {"model": "constructor.button", "pk": 42, "fields": {"message": 13, "text": "Подать документы", "link": null, "number": 3}}, {"model": "constructor.button", "pk": 43, "fields": {"message": 13, "text": "Вступительные испытания", "link": null, "number": 4}}, {"model": "constructor.button", "pk": 44, "fields": {"message": 13, "text": "Как оформить пребывание в России", "link": null, "number": 5}}, {"model": "constructor.button", "pk": 45, "fields": {"message": 14, "text": "Перечень документов", "link": "https://abiturient.asu.ru/how_to_go/order/docs/", "number": 1}}, {"model": "constructor.button", "pk": 46, "fields": {"message": 15, "text": "Сайт", "link": "https://abiturient.asu.ru/how_to_go/docs_go/", "number": 1}}, {"model": "constructor.button", "pk": 47, "fields": {"message": 16, "text": "Регистрация", "link": "https://lk.abiturient.asu.ru/", "number": 1}}, {"model": "constructor.button", "pk": 48, "fields": {"message": 17, "text": "Портал", "link": "https://postupi.online/", "number": 1}}, {"model": "constructor.button", "pk": 49, "fields": {"message": 18, "text": "Сайт", "link": "https://abiturient.asu.ru/how_to_go/order/ind/", "number": 1}}, {"model": "constructor.button", "pk": 50, "fields": {"message": 19, "text": "Сайт", "link": "https://abiturient.asu.ru/how_to_go/order/ind/", "number": 1}}, {"model": "constructor.button", "pk": 51, "fields": {"message": 21, "text": "Образовательные программы", "link": "https://www.asu.ru/files/documents/00025000.pdf", "number": 1}}, {"model": "constructor.button", "pk": 52, "fields": {"message": 22, "text": "Поступаю платно", "link": null, "number": 1}}, {"model": "constructor.button", "pk": 53, "fields": {"message": 22, "text": "Поступаю на бюджет", "link": null, "number": 2}}, {"model": "constructor.button", "pk": 54, "fields": {"message": 23, "text": "Личный кабинет абитуриента", "link": "https://lk.abiturient.asu.ru/", "number": 1}}, {"model": "constructor.button", "pk": 55, "fields": {"message": 23, "text": "Перечень документов для поступления", "link": null, "number": 2}}, {"model": "constructor.button", "pk": 56, "fields": {"message": 24, "text": "Демоверсии вступительных испытаний", "link": null, "number": 1}}, {"model": "constructor.button", "pk": 57, "fields": {"message": 24, "text": "Консультации по вступительным испытаниям", "link": null, "number": 2}}, {"model": "constructor.button", "pk": 58, "fields": {"message": 26, "text": "Очная", "link": null, "number": 1}}, {"model": "constructor.button", "pk": 59, "fields": {"message": 26, "text": "Заочная\\очно-заочная", "link": null, "number": 2}}, {"model": "constructor.button", "pk": 60, "fields": {"message": 29, "text": "Ссылка", "link": "https://abiturient.asu.ru/demotest/", "number": 1}}, {"model": "constructor.button", "pk": 61, "fields": {"message": 30, "text": "Ссылка", "link": "https://www.youtube.com/playlist?list=PLgEF06w8GxLT1giUgZwI4DKCEOP71HLHn", "number": 1}}, {"model": "constructor.button", "pk": 62, "fields": {"message": 33, "text": "Начать", "link": null, "number": 1}}, {"model": "constructor.trigger", "pk": 1, "fields": {"text": null, "button": 1, "message": null, "next_message": 1}}, {"model": "constructor.trigger", "pk": 2, "fields": {"text": null, "button": 2, "message": null, "next_message": 2}}, {"model": "constructor.trigger", "pk": 3, "fields": {"text": null, "button": 3, "message": null, "next_message": 3}}, {"model": "constructor.trigger", "pk": 4, "fields": {"text": null, "button": 4, "message": null, "next_message": 4}}, {"model": "constructor.trigger", "pk": 5, "fields": {"text": null, "button": 5, "message": null, "next_message": 5}}, {"model": "constructor.trigger", "pk": 6, "fields": {"text": null, "button": 7, "message": null, "next_message": 6}}, {"model": "constructor.trigger", "pk": 7, "fields": {"text": null, "button": 8, "message": null, "next_message": 7}}, {"model": "constructor.trigger", "pk": 8, "fields": {"text": null, "button": 9, "message": null, "next_message": 8}}, {"model": "constructor.trigger", "pk": 9, "fields": {"text": null, "button": 10, "message": null, "next_message": 9}}, {"model": "constructor.trigger", "pk": 10, "fields": {"text": null, "button": 11, "message": null, "next_message": 10}}, {"model": "constructor.trigger", "pk": 11, "fields": {"text": null, "button": 12, "message": null, "next_message": 11}}, {"model": "constructor.trigger", "pk": 12, "fields": {"text": null, "button": 13, "message": null, "next_message": 12}}, {"model": "constructor.trigger", "pk": 13, "fields": {"text": null, "button": 14, "message": null, "next_message": 13}}, {"model": "constructor.trigger", "pk": 14, "fields": {"text": null, "button": 15, "message": null, "next_message": 24}}, {"model": "constructor.trigger", "pk": 15, "fields": {"text": null, "button": null, "message": 4, "next_message": 33}}, {"model": "constructor.trigger", "pk": 16, "fields": {"text": null, "button": null, "message": 5, "next_message": 33}}, {"model": "constructor.trigger", "pk": 17, "fields": {"text": null, "button": 18, "message": null, "next_message": 14}}, {"model": "constructor.trigger", "pk": 18, "fields": {"text": null, "button": 19, "message": null, "next_message": 15}}, {"model": "constructor.trigger", "pk": 19, "fields": {"text": null, "button": 20, "message": null, "next_message": 16}}, {"model": "constructor.trigger", "pk": 20, "fields": {"text": null, "button": 21, "message": null, "next_message": 17}}, {"model": "constructor.trigger", "pk": 21, "fields": {"text": null, "button": null, "message": 7, "next_message": 33}}, {"model": "constructor.trigger", "pk": 22, "fields": {"text": null, "button": 23, "message": null, "next_message": 18}}, {"model": "constructor.trigger", "pk": 23, "fields": {"text": null, "button": 24, "message": null, "next_message": 19}}, {"model": "constructor.trigger", "pk": 24, "fields": {"text": null, "button": null, "message": 9, "next_message": 33}}, {"model": "constructor.trigger", "pk": 25, "fields": {"text": null, "button": 31, "message": null, "next_message": 20}}, {"model": "constructor.trigger", "pk": 26, "fields": {"text": null, "button": null, "message": 10, "next_message": 33}}, {"model": "constructor.trigger", "pk": 27, "fields": {"text": null, "button": null, "message": 11, "next_message": 33}}, {"model": "constructor.trigger", "pk": 28, "fields": {"text": null, "button": null, "message": 12, "next_message": 33}}, {"model": "constructor.trigger", "pk": 29, "fields": {"text": null, "button": 40, "message": null, "next_message": 21}}, {"model": "constructor.trigger", "pk": 30, "fields": {"text": null, "button": 41, "message": null, "next_message": 22}}, {"model": "constructor.trigger", "pk": 31, "fields": {"text": null, "button": 42, "message": null, "next_message": 23}}, {"model": "constructor.trigger", "pk": 32, "fields": {"text": null, "button": 43, "message": null, "next_message": 24}}, {"model": "constructor.trigger", "pk": 33, "fields": {"text": null, "button": 44, "message": null, "next_message": 25}}, {"model": "constructor.trigger", "pk": 34, "fields": {"text": null, "button": null, "message": 14, "next_message": 33}}, {"model": "constructor.trigger", "pk": 35, "fields": {"text": null, "button": null, "message": 15, "next_message": 33}}, {"model": "constructor.trigger", "pk": 36, "fields": {"text": null, "button": null, "message": 16, "next_message": 33}}, {"model": "constructor.trigger", "pk": 37, "fields": {"text": null, "button": null, "message": 17, "next_message": 33}}, {"model": "constructor.trigger", "pk": 38, "fields": {"text": null, "button": null, "message": 18, "next_message": 33}}, {"model": "constructor.trigger", "pk": 39, "fields": {"text": null, "button": null, "message": 19, "next_message": 33}}, {"model": "constructor.trigger", "pk": 40, "fields": {"text": null, "button": null, "message": 20, "next_message": 33}}, {"model": "constructor.trigger", "pk": 41, "fields": {"text": null, "button": null, "message": 21, "next_message": 33}}, {"model": "constructor.trigger", "pk": 42, "fields": {"text": null, "button": 52, "message": null, "next_message": 26}}, {"model": "constructor.trigger", "pk": 43, "fields": {"text": null, "button": 53, "message": null, "next_message": 27}}, {"model": "constructor.trigger", "pk": 44, "fields": {"text": null, "button": 55, "message": null, "next_message": 28}}, {"model": "constructor.trigger", "pk": 45, "fields": {"text": null, "button": null, "message": 23, "next_message": 33}}, {"model": "constructor.trigger", "pk": 46, "fields": {"text": null, "button": 56, "message": null, "next_message": 29}}, {"model": "constructor.trigger", "pk": 47, "fields": {"text": null, "button": 57, "message": null, "next_message": 30}}, {"model": "constructor.trigger", "pk": 48, "fields": {"text": null, "button": null, "message": 25, "next_message": 33}}, {"model": "constructor.trigger", "pk": 49, "fields": {"text": null, "button": 58, "message": null, "next_message": 31}}, {"model": "constructor.trigger", "pk": 50, "fields": {"text": null, "button": 59, "message": null, "next_message": 32}}, {"model": "constructor.trigger", "pk": 51, "fields": {"text": null, "button": null, "message": 27, "next_message": 33}}, {"model": "constructor.trigger", "pk": 52, "fields": {"text": null, "button": null, "message": 28, "next_message": 33}}, {"model": "constructor.trigger", "pk": 53, "fields": {"text": null, "button": null, "message": 29, "next_message": 33}}, {"model": "constructor.trigger", "pk": 54, "fields": {"text": null, "button": null, "message": 30, "next_message": 33}}, {"model": "constructor.trigger", "pk": 55, "fields": {"text": null, "button": null, "message": 31, "next_message": 33}}, {"model": "constructor.trigger", "pk": 56, "fields": {"text": null, "button": null, "message": 32, "next_message": 33}}, {"model": "constructor.trigger", "pk": 57, "fields": {"text": null, "button": 62, "message": null, "next_message": 0}}, {"model": "constructor.trigger", "pk": 58, "fields": {"text": "начать", "button": null, "message": null, "next_message": 0}}, {"model": "constructor.trigger", "pk": 59, "fields": {"text": "/start", "button": null, "message": null, "next_message": 0}}]