[{"model": "admin.logentry", "pk": 1, "fields": {"action_time": "2022-04-25T10:44:40.556Z", "user": 1, "content_type": 8, "object_id": "32", "object_repr": "Срок приема документов – 17 июня – 24 октября 2022\r\nДаты окончания предоставления согласия на зачисления – 21 ...", "action_flag": 2, "change_message": "[{\"changed\": {\"fields\": [\"Text\"]}}]"}}, {"model": "admin.logentry", "pk": 2, "fields": {"action_time": "2022-04-25T10:44:51.578Z", "user": 1, "content_type": 8, "object_id": "31", "object_repr": "Срок приема документов – 17 июня – 26 августа 2022\r\nСрок проведения вступительных испытаний – по мере комплект...", "action_flag": 2, "change_message": "[{\"changed\": {\"fields\": [\"Text\"]}}]"}}, {"model": "admin.logentry", "pk": 3, "fields": {"action_time": "2022-04-25T10:45:15.415Z", "user": 1, "content_type": 8, "object_id": "28", "object_repr": "1. Анкета (заполняется в личном кабинете)\r\n2. Документ, подтверждающий личность, гражданство\r\n3. Документ об о...", "action_flag": 2, "change_message": "[{\"changed\": {\"fields\": [\"Text\"]}}]"}}, {"model": "admin.logentry", "pk": 4, "fields": {"action_time": "2022-04-25T10:45:26.795Z", "user": 1, "content_type": 8, "object_id": "27", "object_repr": "Срок приема документов – 17 июня - 18 июля 2022\r\nСрок завершения вступительных испытаний – 25 июля 2022\r\nДата ...", "action_flag": 2, "change_message": "[{\"changed\": {\"fields\": [\"Text\"]}}]"}}, {"model": "admin.logentry", "pk": 5, "fields": {"action_time": "2022-04-25T10:46:06.058Z", "user": 1, "content_type": 8, "object_id": "25", "object_repr": "По приезду все иностранные студенты обязательно должны встать на миграционный учет в течение 7 дней с даты въе...", "action_flag": 2, "change_message": "[{\"changed\": {\"fields\": [\"Text\"]}}]"}}, {"model": "admin.logentry", "pk": 6, "fields": {"action_time": "2022-04-25T10:46:23.433Z", "user": 1, "content_type": 8, "object_id": "24", "object_repr": "Сдать вступительные экзамены можно очно в приемной комиссии АГУ или дистанционно при наличии у поступающего те...", "action_flag": 2, "change_message": "[{\"changed\": {\"fields\": [\"Text\"]}}]"}}, {"model": "admin.logentry", "pk": 7, "fields": {"action_time": "2022-04-25T10:46:38.961Z", "user": 1, "content_type": 8, "object_id": "23", "object_repr": "Подать документы в Алтайский государственный университет можно онлайн. Для этого переходи и регистрируйся в се...", "action_flag": 2, "change_message": "[{\"changed\": {\"fields\": [\"Text\"]}}]"}}, {"model": "admin.logentry", "pk": 8, "fields": {"action_time": "2022-04-25T10:46:51.338Z", "user": 1, "content_type": 8, "object_id": "26", "object_repr": "Выбери форму обучения:", "action_flag": 2, "change_message": "[]"}}, {"model": "admin.logentry", "pk": 9, "fields": {"action_time": "2022-04-25T10:48:04.232Z", "user": 1, "content_type": 8, "object_id": "13", "object_repr": "Поступить в АГУ просто:\r\nШаг 1. Выбери образовательную программу \r\nШаг 2. Ознакомься со сроками приемной кампа...", "action_flag": 2, "change_message": "[{\"changed\": {\"fields\": [\"Text\"]}}]"}}, {"model": "admin.logentry", "pk": 10, "fields": {"action_time": "2022-04-25T10:48:19.218Z", "user": 1, "content_type": 8, "object_id": "12", "object_repr": "Мы предлагаем программы среднего профессионального образования выпускникам 9 и 11 классов. \r\nВыбери, о чем рас...", "action_flag": 2, "change_message": "[{\"changed\": {\"fields\": [\"Text\"]}}]"}}, {"model": "admin.logentry", "pk": 11, "fields": {"action_time": "2022-04-25T10:48:31.376Z", "user": 1, "content_type": 8, "object_id": "11", "object_repr": "Алтайский государственный университет предлагает большой выбор программ магистратуры и аспирантуры гуманитарны...", "action_flag": 2, "change_message": "[{\"changed\": {\"fields\": [\"Text\"]}}]"}}, {"model": "admin.logentry", "pk": 12, "fields": {"action_time": "2022-04-25T10:48:52.725Z", "user": 1, "content_type": 8, "object_id": "8", "object_repr": "К индивидуальным достижениям относятся: аттестат с отличием о среднем образовании, золотая или серебряная меда...", "action_flag": 2, "change_message": "[{\"changed\": {\"fields\": [\"Text\"]}}]"}}, {"model": "admin.logentry", "pk": 13, "fields": {"action_time": "2022-04-25T10:49:20.571Z", "user": 1, "content_type": 8, "object_id": "7", "object_repr": "Подать документы лично в приемную комиссию АГУ можно по адресу: г.Барнаул, пр.Ленина, 61\r\nПриемная комиссия жд...", "action_flag": 2, "change_message": "[{\"changed\": {\"fields\": [\"Text\"]}}]"}}, {"model": "admin.logentry", "pk": 14, "fields": {"action_time": "2022-04-25T10:49:34.768Z", "user": 1, "content_type": 8, "object_id": "6", "object_repr": "Подать документы онлайн в Алтайский государственный университет можно тремя способами:\r\n1) Отправить пакет док...", "action_flag": 2, "change_message": "[{\"changed\": {\"fields\": [\"Text\"]}}]"}}, {"model": "admin.logentry", "pk": 15, "fields": {"action_time": "2022-04-25T10:50:02.864Z", "user": 1, "content_type": 8, "object_id": "3", "object_repr": "Алтайский государственный университет – это место, где каждый иностранец сможет выбрать свой образовательный т...", "action_flag": 2, "change_message": "[{\"changed\": {\"fields\": [\"Text\"]}}]"}}, {"model": "admin.logentry", "pk": 16, "fields": {"action_time": "2022-04-25T10:50:10.377Z", "user": 1, "content_type": 8, "object_id": "2", "object_repr": "Алтайский государственный университет предлагает 300+ образовательных программ. Выбери уровень образования, ко...", "action_flag": 2, "change_message": "[]"}}, {"model": "admin.logentry", "pk": 17, "fields": {"action_time": "2022-04-25T10:50:33.603Z", "user": 1, "content_type": 8, "object_id": "1", "object_repr": "Поступить в АГУ просто. Для этого нужно:\r\nШаг 1. Выбрать направление подготовки\r\nШаг 2. Зарегистрироваться в л...", "action_flag": 2, "change_message": "[{\"changed\": {\"fields\": [\"Text\"]}}]"}}, {"model": "admin.logentry", "pk": 18, "fields": {"action_time": "2022-04-25T10:50:40.461Z", "user": 1, "content_type": 8, "object_id": "1", "object_repr": "Поступить в АГУ просто. Для этого нужно:\r\nШаг 1. Выбрать направление подготовки\r\nШаг 2. Зарегистрироваться в л...", "action_flag": 2, "change_message": "[]"}}, {"model": "admin.logentry", "pk": 19, "fields": {"action_time": "2022-04-25T10:50:52.091Z", "user": 1, "content_type": 8, "object_id": "0", "object_repr": "Привет, дорогой абитуриент! Я - чат-бот Алтайского государственного университета.\r\nЯ создан, чтобы помочь тебе...", "action_flag": 2, "change_message": "[{\"changed\": {\"fields\": [\"Text\"]}}]"}}, {"model": "admin.logentry", "pk": 20, "fields": {"action_time": "2022-04-25T10:51:39.460Z", "user": 1, "content_type": 9, "object_id": "58", "object_repr": "Текст: начать -> Привет, дорогой абитуриент! Я - чат-бот Алтайского государственного университета.\r\nЯ создан, чтобы помочь тебе...", "action_flag": 1, "change_message": "[{\"added\": {}}]"}}, {"model": "admin.logentry", "pk": 21, "fields": {"action_time": "2022-04-25T10:52:01.564Z", "user": 1, "content_type": 9, "object_id": "59", "object_repr": "Текст: /start -> Привет, дорогой абитуриент! Я - чат-бот Алтайского государственного университета.\r\nЯ создан, чтобы помочь тебе...", "action_flag": 1, "change_message": "[{\"added\": {}}]"}}, {"model": "admin.logentry", "pk": 22, "fields": {"action_time": "2022-04-27T05:42:56.052Z", "user": 1, "content_type": 9, "object_id": "58", "object_repr": "Текст: Начать -> Привет, дорогой абитуриент! Я - чат-бот Алтайского государственного университета.\r\nЯ создан, чтобы помочь тебе...", "action_flag": 2, "change_message": "[{\"changed\": {\"fields\": [\"Text\"]}}]"}}, {"model": "admin.logentry", "pk": 23, "fields": {"action_time": "2022-04-27T05:43:14.314Z", "user": 1, "content_type": 9, "object_id": "58", "object_repr": "Текст: начать -> Привет, дорогой абитуриент! Я - чат-бот Алтайского государственного университета.\r\nЯ создан, чтобы помочь тебе...", "action_flag": 2, "change_message": "[{\"changed\": {\"fields\": [\"Text\"]}}]"}}, {"model": "admin.logentry", "pk": 24, "fields": {"action_time": "2022-04-27T05:45:10.288Z", "user": 1, "content_type": 9, "object_id": "58", "object_repr": "Текст: начать -> Привет, дорогой абитуриент! Я - чат-бот Алтайского государственного университета.\r\nЯ создан, чтобы помочь тебе...", "action_flag": 2, "change_message": "[{\"changed\": {\"fields\": [\"Text\"]}}]"}}, {"model": "admin.logentry", "pk": 25, "fields": {"action_time": "2022-04-29T10:43:12.866Z", "user": 1, "content_type": 8, "object_id": "33", "object_repr": "Если остались вопросы, отправь мне сообщение, и я соединю тебя напрямую с приемной комиссией АГУ.", "action_flag": 2, "change_message": "[{\"changed\": {\"fields\": [\"Text\"]}}]"}}, {"model": "admin.logentry", "pk": 26, "fields": {"action_time": "2022-05-11T12:59:46.857Z", "user": 1, "content_type": 8, "object_id": "0", "object_repr": "Привет, дорогой абитуриент! Я - ...", "action_flag": 3, "change_message": ""}}, {"model": "admin.logentry", "pk": 27, "fields": {"action_time": "2022-05-11T12:59:46.865Z", "user": 1, "content_type": 8, "object_id": "1", "object_repr": "Поступить в АГУ просто. Для этог...", "action_flag": 3, "change_message": ""}}, {"model": "admin.logentry", "pk": 28, "fields": {"action_time": "2022-05-11T12:59:46.868Z", "user": 1, "content_type": 8, "object_id": "2", "object_repr": "Алтайский государственный универ...", "action_flag": 3, "change_message": ""}}, {"model": "admin.logentry", "pk": 29, "fields": {"action_time": "2022-05-11T12:59:46.871Z", "user": 1, "content_type": 8, "object_id": "3", "object_repr": "Алтайский государственный универ...", "action_flag": 3, "change_message": ""}}, {"model": "admin.logentry", "pk": 30, "fields": {"action_time": "2022-05-11T12:59:46.873Z", "user": 1, "content_type": 8, "object_id": "4", "object_repr": "Информацию по общежитиям в АлтГУ...", "action_flag": 3, "change_message": ""}}, {"model": "admin.logentry", "pk": 31, "fields": {"action_time": "2022-05-11T12:59:46.876Z", "user": 1, "content_type": 8, "object_id": "5", "object_repr": "Чтобы узнать актуальную информац...", "action_flag": 3, "change_message": ""}}, {"model": "admin.logentry", "pk": 32, "fields": {"action_time": "2022-05-11T12:59:46.879Z", "user": 1, "content_type": 8, "object_id": "6", "object_repr": "Подать документы онлайн в Алтайс...", "action_flag": 3, "change_message": ""}}, {"model": "admin.logentry", "pk": 33, "fields": {"action_time": "2022-05-11T12:59:46.881Z", "user": 1, "content_type": 8, "object_id": "7", "object_repr": "Подать документы лично в приемну...", "action_flag": 3, "change_message": ""}}, {"model": "admin.logentry", "pk": 34, "fields": {"action_time": "2022-05-11T12:59:46.884Z", "user": 1, "content_type": 8, "object_id": "8", "object_repr": "К индивидуальным достижениям отн...", "action_flag": 3, "change_message": ""}}, {"model": "admin.logentry", "pk": 35, "fields": {"action_time": "2022-05-11T12:59:46.886Z", "user": 1, "content_type": 8, "object_id": "9", "object_repr": "Чтобы узнать актуальную информац...", "action_flag": 3, "change_message": ""}}, {"model": "admin.logentry", "pk": 36, "fields": {"action_time": "2022-05-11T12:59:46.889Z", "user": 1, "content_type": 8, "object_id": "10", "object_repr": "Давай вместе выберем направление...", "action_flag": 3, "change_message": ""}}, {"model": "admin.logentry", "pk": 37, "fields": {"action_time": "2022-05-11T12:59:46.891Z", "user": 1, "content_type": 8, "object_id": "11", "object_repr": "Алтайский государственный универ...", "action_flag": 3, "change_message": ""}}, {"model": "admin.logentry", "pk": 38, "fields": {"action_time": "2022-05-11T12:59:46.894Z", "user": 1, "content_type": 8, "object_id": "12", "object_repr": "Мы предлагаем программы среднего...", "action_flag": 3, "change_message": ""}}, {"model": "admin.logentry", "pk": 39, "fields": {"action_time": "2022-05-11T12:59:46.896Z", "user": 1, "content_type": 8, "object_id": "13", "object_repr": "Поступить в АГУ просто:\r\nШаг 1. ...", "action_flag": 3, "change_message": ""}}, {"model": "admin.logentry", "pk": 40, "fields": {"action_time": "2022-05-11T12:59:46.899Z", "user": 1, "content_type": 8, "object_id": "14", "object_repr": "Полный перечень документов досту...", "action_flag": 3, "change_message": ""}}, {"model": "admin.logentry", "pk": 41, "fields": {"action_time": "2022-05-11T12:59:46.902Z", "user": 1, "content_type": 8, "object_id": "15", "object_repr": "Сроки подачи документов смотри н...", "action_flag": 3, "change_message": ""}}, {"model": "admin.logentry", "pk": 42, "fields": {"action_time": "2022-05-11T12:59:46.904Z", "user": 1, "content_type": 8, "object_id": "16", "object_repr": "Переходи и регистрируйся в лично...", "action_flag": 3, "change_message": ""}}, {"model": "admin.logentry", "pk": 43, "fields": {"action_time": "2022-05-11T12:59:46.907Z", "user": 1, "content_type": 8, "object_id": "17", "object_repr": "Перейди по ссылке, чтобы открыть...", "action_flag": 3, "change_message": ""}}, {"model": "admin.logentry", "pk": 44, "fields": {"action_time": "2022-05-11T12:59:46.909Z", "user": 1, "content_type": 8, "object_id": "18", "object_repr": "Информацию о дополнительных балл...", "action_flag": 3, "change_message": ""}}, {"model": "admin.logentry", "pk": 45, "fields": {"action_time": "2022-05-11T12:59:46.911Z", "user": 1, "content_type": 8, "object_id": "19", "object_repr": "Информацию о приятных бонусах пр...", "action_flag": 3, "change_message": ""}}, {"model": "admin.logentry", "pk": 46, "fields": {"action_time": "2022-05-11T12:59:46.913Z", "user": 1, "content_type": 8, "object_id": "20", "object_repr": "К индивидуальным достижениям отн...", "action_flag": 3, "change_message": ""}}, {"model": "admin.logentry", "pk": 47, "fields": {"action_time": "2022-05-11T12:59:46.916Z", "user": 1, "content_type": 8, "object_id": "21", "object_repr": "Подробнее о всех образовательных...", "action_flag": 3, "change_message": ""}}, {"model": "admin.logentry", "pk": 48, "fields": {"action_time": "2022-05-11T12:59:46.918Z", "user": 1, "content_type": 8, "object_id": "22", "object_repr": "Выбери, что подходит тебе:", "action_flag": 3, "change_message": ""}}, {"model": "admin.logentry", "pk": 49, "fields": {"action_time": "2022-05-11T12:59:46.921Z", "user": 1, "content_type": 8, "object_id": "23", "object_repr": "Подать документы в Алтайский гос...", "action_flag": 3, "change_message": ""}}, {"model": "admin.logentry", "pk": 50, "fields": {"action_time": "2022-05-11T12:59:46.923Z", "user": 1, "content_type": 8, "object_id": "24", "object_repr": "Сдать вступительные экзамены мож...", "action_flag": 3, "change_message": ""}}, {"model": "admin.logentry", "pk": 51, "fields": {"action_time": "2022-05-11T12:59:46.925Z", "user": 1, "content_type": 8, "object_id": "25", "object_repr": "По приезду все иностранные студе...", "action_flag": 3, "change_message": ""}}, {"model": "admin.logentry", "pk": 52, "fields": {"action_time": "2022-05-11T12:59:46.927Z", "user": 1, "content_type": 8, "object_id": "26", "object_repr": "Выбери форму обучения:", "action_flag": 3, "change_message": ""}}, {"model": "admin.logentry", "pk": 53, "fields": {"action_time": "2022-05-11T12:59:46.929Z", "user": 1, "content_type": 8, "object_id": "27", "object_repr": "Срок приема документов – 17 июня...", "action_flag": 3, "change_message": ""}}, {"model": "admin.logentry", "pk": 54, "fields": {"action_time": "2022-05-11T12:59:46.932Z", "user": 1, "content_type": 8, "object_id": "28", "object_repr": "1. Анкета (заполняется в личном ...", "action_flag": 3, "change_message": ""}}, {"model": "admin.logentry", "pk": 55, "fields": {"action_time": "2022-05-11T12:59:46.934Z", "user": 1, "content_type": 8, "object_id": "29", "object_repr": "Переходи по ссылке, чтобы пройти...", "action_flag": 3, "change_message": ""}}, {"model": "admin.logentry", "pk": 56, "fields": {"action_time": "2022-05-11T12:59:46.937Z", "user": 1, "content_type": 8, "object_id": "30", "object_repr": "Переходи по ссылке и готовься к ...", "action_flag": 3, "change_message": ""}}, {"model": "admin.logentry", "pk": 57, "fields": {"action_time": "2022-05-11T12:59:46.939Z", "user": 1, "content_type": 8, "object_id": "31", "object_repr": "Срок приема документов – 17 июня...", "action_flag": 3, "change_message": ""}}, {"model": "admin.logentry", "pk": 58, "fields": {"action_time": "2022-05-11T12:59:46.942Z", "user": 1, "content_type": 8, "object_id": "32", "object_repr": "Срок приема документов – 17 июня...", "action_flag": 3, "change_message": ""}}, {"model": "admin.logentry", "pk": 59, "fields": {"action_time": "2022-05-11T12:59:46.944Z", "user": 1, "content_type": 8, "object_id": "33", "object_repr": "Если остались вопросы, отправь м...", "action_flag": 3, "change_message": ""}}, {"model": "admin.logentry", "pk": 60, "fields": {"action_time": "2022-05-11T13:01:15.612Z", "user": 1, "content_type": 8, "object_id": "34", "object_repr": "Привет, дорогой абитуриент! Я - ...", "action_flag": 1, "change_message": "[{\"added\": {}}]"}}, {"model": "admin.logentry", "pk": 61, "fields": {"action_time": "2022-05-11T13:01:34.827Z", "user": 1, "content_type": 10, "object_id": "60", "object_repr": "Текст: /start -> Привет, дорогой абитуриент! Я - ...", "action_flag": 1, "change_message": "[{\"added\": {}}]"}}, {"model": "admin.logentry", "pk": 62, "fields": {"action_time": "2022-05-11T13:01:40.384Z", "user": 1, "content_type": 10, "object_id": "61", "object_repr": "Текст: начать -> Привет, дорогой абитуриент! Я - ...", "action_flag": 1, "change_message": "[{\"added\": {}}]"}}, {"model": "admin.logentry", "pk": 63, "fields": {"action_time": "2022-05-11T13:02:47.482Z", "user": 1, "content_type": 7, "object_id": "63", "object_repr": "Как поступить в АГУ?", "action_flag": 1, "change_message": "[{\"added\": {}}]"}}, {"model": "admin.logentry", "pk": 64, "fields": {"action_time": "2022-05-11T13:03:05.080Z", "user": 1, "content_type": 7, "object_id": "64", "object_repr": "Образовательные программы АГУ", "action_flag": 1, "change_message": "[{\"added\": {}}]"}}, {"model": "admin.logentry", "pk": 65, "fields": {"action_time": "2022-05-11T13:03:13.674Z", "user": 1, "content_type": 7, "object_id": "65", "object_repr": "Иностранным абитуриентам", "action_flag": 1, "change_message": "[{\"added\": {}}]"}}, {"model": "admin.logentry", "pk": 66, "fields": {"action_time": "2022-05-11T13:03:23.165Z", "user": 1, "content_type": 7, "object_id": "66", "object_repr": "Общежития", "action_flag": 1, "change_message": "[{\"added\": {}}]"}}, {"model": "admin.logentry", "pk": 67, "fields": {"action_time": "2022-05-11T13:03:31.240Z", "user": 1, "content_type": 7, "object_id": "67", "object_repr": "Рейтинг абитуриентов", "action_flag": 1, "change_message": "[{\"added\": {}}]"}}, {"model": "admin.logentry", "pk": 68, "fields": {"action_time": "2022-05-11T13:07:28.083Z", "user": 1, "content_type": 7, "object_id": "68", "object_repr": "Сайт", "action_flag": 1, "change_message": "[{\"added\": {}}]"}}, {"model": "admin.logentry", "pk": 69, "fields": {"action_time": "2022-05-11T13:12:02.198Z", "user": 1, "content_type": 8, "object_id": "35", "object_repr": "Выбери уровень образования, кото...", "action_flag": 1, "change_message": "[{\"added\": {}}]"}}, {"model": "admin.logentry", "pk": 70, "fields": {"action_time": "2022-05-11T13:12:37.572Z", "user": 1, "content_type": 7, "object_id": "69", "object_repr": "Специальности среднего профессионального", "action_flag": 1, "change_message": "[{\"added\": {}}]"}}, {"model": "admin.logentry", "pk": 71, "fields": {"action_time": "2022-05-11T13:12:50.404Z", "user": 1, "content_type": 7, "object_id": "70", "object_repr": "Направления подготовки высшего образован", "action_flag": 1, "change_message": "[{\"added\": {}}]"}}, {"model": "admin.logentry", "pk": 72, "fields": {"action_time": "2022-05-11T13:13:12.972Z", "user": 1, "content_type": 10, "object_id": "62", "object_repr": "Кнопка: Образовательные программы АГУ -> Выбери уровень образования, кото...", "action_flag": 1, "change_message": "[{\"added\": {}}]"}}, {"model": "admin.logentry", "pk": 73, "fields": {"action_time": "2022-05-11T13:14:18.095Z", "user": 1, "content_type": 7, "object_id": "69", "object_repr": "СПО", "action_flag": 2, "change_message": "[{\"changed\": {\"fields\": [\"Text\"]}}]"}}, {"model": "admin.logentry", "pk": 74, "fields": {"action_time": "2022-05-11T13:14:35.644Z", "user": 1, "content_type": 7, "object_id": "70", "object_repr": "Высшее образование", "action_flag": 2, "change_message": "[{\"changed\": {\"fields\": [\"Text\"]}}]"}}, {"model": "admin.logentry", "pk": 75, "fields": {"action_time": "2022-05-11T13:15:30.860Z", "user": 1, "content_type": 8, "object_id": "36", "object_repr": "Специальности среднего профессио...", "action_flag": 1, "change_message": "[{\"added\": {}}]"}}, {"model": "admin.logentry", "pk": 76, "fields": {"action_time": "2022-05-11T13:16:24.405Z", "user": 1, "content_type": 8, "object_id": "36", "object_repr": "Специальности среднего профессио...", "action_flag": 2, "change_message": "[{\"changed\": {\"fields\": [\"\\u0422\\u0435\\u043a\\u0441\\u0442 \\u0441\\u043e\\u043e\\u0431\\u0449\\u0435\\u043d\\u0438\\u044f\"]}}]"}}, {"model": "admin.logentry", "pk": 77, "fields": {"action_time": "2022-05-11T13:16:36.866Z", "user": 1, "content_type": 10, "object_id": "63", "object_repr": "Кнопка: СПО -> Специальности среднего профессио...", "action_flag": 1, "change_message": "[{\"added\": {}}]"}}, {"model": "admin.logentry", "pk": 78, "fields": {"action_time": "2022-05-11T13:17:11.588Z", "user": 1, "content_type": 7, "object_id": "71", "object_repr": "Экономика и бухгалтерский учет", "action_flag": 1, "change_message": "[{\"added\": {}}]"}}, {"model": "admin.logentry", "pk": 79, "fields": {"action_time": "2022-05-11T13:17:26.556Z", "user": 1, "content_type": 7, "object_id": "72", "object_repr": "Финансы", "action_flag": 1, "change_message": "[{\"added\": {}}]"}}, {"model": "admin.logentry", "pk": 80, "fields": {"action_time": "2022-05-11T13:18:00.822Z", "user": 1, "content_type": 7, "object_id": "73", "object_repr": "Информационные системы и программировани", "action_flag": 1, "change_message": "[{\"added\": {}}]"}}, {"model": "admin.logentry", "pk": 81, "fields": {"action_time": "2022-05-11T13:18:20.692Z", "user": 1, "content_type": 7, "object_id": "74", "object_repr": "Правоохранительная деятельность", "action_flag": 1, "change_message": "[{\"added\": {}}]"}}, {"model": "admin.logentry", "pk": 82, "fields": {"action_time": "2022-05-11T13:18:43.053Z", "user": 1, "content_type": 7, "object_id": "75", "object_repr": "Земельно-имущественные отношения", "action_flag": 1, "change_message": "[{\"added\": {}}]"}}, {"model": "admin.logentry", "pk": 83, "fields": {"action_time": "2022-05-11T13:19:48.508Z", "user": 1, "content_type": 8, "object_id": "37", "object_repr": "Направления подготовки высшего о...", "action_flag": 1, "change_message": "[{\"added\": {}}]"}}, {"model": "admin.logentry", "pk": 84, "fields": {"action_time": "2022-05-11T13:20:08.765Z", "user": 1, "content_type": 10, "object_id": "64", "object_repr": "Кнопка: Высшее образование -> Направления подготовки высшего о...", "action_flag": 1, "change_message": "[{\"added\": {}}]"}}, {"model": "admin.logentry", "pk": 85, "fields": {"action_time": "2022-05-11T13:21:24.368Z", "user": 1, "content_type": 8, "object_id": "37", "object_repr": "Направления подготовки высшего о...", "action_flag": 2, "change_message": "[{\"changed\": {\"fields\": [\"\\u0422\\u0435\\u043a\\u0441\\u0442 \\u0441\\u043e\\u043e\\u0431\\u0449\\u0435\\u043d\\u0438\\u044f\"]}}]"}}, {"model": "admin.logentry", "pk": 86, "fields": {"action_time": "2022-05-11T13:22:00.459Z", "user": 1, "content_type": 7, "object_id": "76", "object_repr": "Педагогическое образование, профиль \"Общ", "action_flag": 1, "change_message": "[{\"added\": {}}]"}}, {"model": "admin.logentry", "pk": 87, "fields": {"action_time": "2022-05-11T13:22:45.826Z", "user": 1, "content_type": 7, "object_id": "77", "object_repr": "Прикладная информатика, профиль \"Цифровы", "action_flag": 1, "change_message": "[{\"added\": {}}]"}}, {"model": "admin.logentry", "pk": 88, "fields": {"action_time": "2022-05-11T13:23:06.689Z", "user": 1, "content_type": 7, "object_id": "78", "object_repr": "Юриспруденция, профиль \"Общеправовой\"", "action_flag": 1, "change_message": "[{\"added\": {}}]"}}, {"model": "admin.logentry", "pk": 89, "fields": {"action_time": "2022-05-11T13:23:22.888Z", "user": 1, "content_type": 7, "object_id": "79", "object_repr": "Реклама и связи с общественностью", "action_flag": 1, "change_message": "[{\"added\": {}}]"}}, {"model": "admin.logentry", "pk": 90, "fields": {"action_time": "2022-05-11T13:24:33.085Z", "user": 1, "content_type": 7, "object_id": "80", "object_repr": "Экономика, профиль \"Цифровая экономика и", "action_flag": 1, "change_message": "[{\"added\": {}}]"}}, {"model": "admin.logentry", "pk": 91, "fields": {"action_time": "2022-05-11T13:25:15.633Z", "user": 1, "content_type": 7, "object_id": "81", "object_repr": "Психология, профиль \"Общая психология и", "action_flag": 1, "change_message": "[{\"added\": {}}]"}}, {"model": "admin.logentry", "pk": 92, "fields": {"action_time": "2022-05-11T13:25:33.717Z", "user": 1, "content_type": 7, "object_id": "82", "object_repr": "Государственное и муниципальное управлен", "action_flag": 1, "change_message": "[{\"added\": {}}]"}}, {"model": "admin.logentry", "pk": 93, "fields": {"action_time": "2022-05-11T13:25:50.998Z", "user": 1, "content_type": 8, "object_id": "37", "object_repr": "Направления подготовки высшего о...", "action_flag": 2, "change_message": "[{\"changed\": {\"fields\": [\"\\u0422\\u0435\\u043a\\u0441\\u0442 \\u0441\\u043e\\u043e\\u0431\\u0449\\u0435\\u043d\\u0438\\u044f\"]}}]"}}, {"model": "admin.logentry", "pk": 94, "fields": {"action_time": "2022-05-11T13:26:53.909Z", "user": 1, "content_type": 7, "object_id": "76", "object_repr": "Педагогическое образование", "action_flag": 2, "change_message": "[{\"changed\": {\"fields\": [\"Text\"]}}]"}}, {"model": "admin.logentry", "pk": 95, "fields": {"action_time": "2022-05-11T13:27:03.326Z", "user": 1, "content_type": 7, "object_id": "77", "object_repr": "Прикладная информатика", "action_flag": 2, "change_message": "[{\"changed\": {\"fields\": [\"Text\"]}}]"}}, {"model": "admin.logentry", "pk": 96, "fields": {"action_time": "2022-05-11T13:27:12.835Z", "user": 1, "content_type": 7, "object_id": "78", "object_repr": "Юриспруденция", "action_flag": 2, "change_message": "[{\"changed\": {\"fields\": [\"Text\"]}}]"}}, {"model": "admin.logentry", "pk": 97, "fields": {"action_time": "2022-05-11T13:27:30.487Z", "user": 1, "content_type": 7, "object_id": "80", "object_repr": "Экономика", "action_flag": 2, "change_message": "[{\"changed\": {\"fields\": [\"Text\"]}}]"}}, {"model": "admin.logentry", "pk": 98, "fields": {"action_time": "2022-05-11T13:27:42.246Z", "user": 1, "content_type": 7, "object_id": "81", "object_repr": "Психология", "action_flag": 2, "change_message": "[{\"changed\": {\"fields\": [\"Text\"]}}]"}}, {"model": "admin.logentry", "pk": 99, "fields": {"action_time": "2022-05-11T13:31:36.340Z", "user": 1, "content_type": 7, "object_id": "63", "object_repr": "Сроки приёмной компании", "action_flag": 2, "change_message": "[{\"changed\": {\"fields\": [\"Text\"]}}]"}}, {"model": "admin.logentry", "pk": 100, "fields": {"action_time": "2022-05-11T13:33:49.843Z", "user": 1, "content_type": 8, "object_id": "38", "object_repr": "Для поступления на бюджет (бакал...", "action_flag": 1, "change_message": "[{\"added\": {}}]"}}, {"model": "admin.logentry", "pk": 101, "fields": {"action_time": "2022-05-11T13:34:06.762Z", "user": 1, "content_type": 10, "object_id": "65", "object_repr": "Кнопка: Сроки приёмной компании -> Для поступления на бюджет (бакал...", "action_flag": 1, "change_message": "[{\"added\": {}}]"}}, {"model": "admin.logentry", "pk": 102, "fields": {"action_time": "2022-05-11T13:35:27.110Z", "user": 1, "content_type": 8, "object_id": "39", "object_repr": "Чтобы начать сначала, нажмите кн...", "action_flag": 1, "change_message": "[{\"added\": {}}]"}}, {"model": "admin.logentry", "pk": 103, "fields": {"action_time": "2022-05-11T13:35:38.497Z", "user": 1, "content_type": 7, "object_id": "83", "object_repr": "Начать", "action_flag": 1, "change_message": "[{\"added\": {}}]"}}, {"model": "admin.logentry", "pk": 104, "fields": {"action_time": "2022-05-11T13:36:04.016Z", "user": 1, "content_type": 10, "object_id": "66", "object_repr": "Кнопка: Начать -> Привет, дорогой абитуриент! Я - ...", "action_flag": 1, "change_message": "[{\"added\": {}}]"}}, {"model": "admin.logentry", "pk": 105, "fields": {"action_time": "2022-05-11T13:36:15.021Z", "user": 1, "content_type": 10, "object_id": "67", "object_repr": "Сообщение: Для поступления на бюджет (бакал... -> Чтобы начать сначала, нажмите кн...", "action_flag": 1, "change_message": "[{\"added\": {}}]"}}, {"model": "admin.logentry", "pk": 106, "fields": {"action_time": "2022-05-11T13:38:57.351Z", "user": 1, "content_type": 7, "object_id": "63", "object_repr": "Как поступить в АГУ?", "action_flag": 2, "change_message": "[{\"changed\": {\"fields\": [\"Text\"]}}]"}}, {"model": "admin.logentry", "pk": 107, "fields": {"action_time": "2022-05-11T13:44:43.307Z", "user": 1, "content_type": 7, "object_id": "65", "object_repr": "Сроки приемной компании", "action_flag": 2, "change_message": "[{\"changed\": {\"fields\": [\"Text\"]}}]"}}, {"model": "admin.logentry", "pk": 108, "fields": {"action_time": "2022-05-11T13:45:22.277Z", "user": 1, "content_type": 10, "object_id": "65", "object_repr": "Кнопка: Сроки приемной компании -> Для поступления на бюджет (бакал...", "action_flag": 2, "change_message": "[{\"changed\": {\"fields\": [\"Button\"]}}]"}}, {"model": "admin.logentry", "pk": 109, "fields": {"action_time": "2022-05-11T13:46:14.381Z", "user": 1, "content_type": 8, "object_id": "38", "object_repr": "Сроки приёмной компании 2022.\r\n\r...", "action_flag": 2, "change_message": "[{\"changed\": {\"fields\": [\"\\u0422\\u0435\\u043a\\u0441\\u0442 \\u0441\\u043e\\u043e\\u0431\\u0449\\u0435\\u043d\\u0438\\u044f\"]}}]"}}, {"model": "admin.logentry", "pk": 110, "fields": {"action_time": "2022-05-11T13:51:48.549Z", "user": 1, "content_type": 8, "object_id": "40", "object_repr": "Поступить в АГУ просто:\r\n\r\nШАГ 1...", "action_flag": 1, "change_message": "[{\"added\": {}}]"}}, {"model": "admin.logentry", "pk": 111, "fields": {"action_time": "2022-05-11T13:51:54.889Z", "user": 1, "content_type": 10, "object_id": "68", "object_repr": "Кнопка: Как поступить в АГУ? -> Поступить в АГУ просто:\r\n\r\nШАГ 1...", "action_flag": 1, "change_message": "[{\"added\": {}}]"}}, {"model": "admin.logentry", "pk": 112, "fields": {"action_time": "2022-05-11T13:52:19.286Z", "user": 1, "content_type": 8, "object_id": "40", "object_repr": "Поступить в АГУ просто:\r\nШАГ 1. ...", "action_flag": 2, "change_message": "[{\"changed\": {\"fields\": [\"\\u0422\\u0435\\u043a\\u0441\\u0442 \\u0441\\u043e\\u043e\\u0431\\u0449\\u0435\\u043d\\u0438\\u044f\"]}}]"}}, {"model": "admin.logentry", "pk": 113, "fields": {"action_time": "2022-05-11T13:52:21.269Z", "user": 1, "content_type": 10, "object_id": "68", "object_repr": "Кнопка: Как поступить в АГУ? -> Поступить в АГУ просто:\r\nШАГ 1. ...", "action_flag": 2, "change_message": "[]"}}, {"model": "admin.logentry", "pk": 114, "fields": {"action_time": "2022-05-11T13:53:57.797Z", "user": 1, "content_type": 7, "object_id": "84", "object_repr": "Образовательные программы АГУ", "action_flag": 1, "change_message": "[{\"added\": {}}]"}}, {"model": "admin.logentry", "pk": 115, "fields": {"action_time": "2022-05-11T13:54:20.864Z", "user": 1, "content_type": 7, "object_id": "85", "object_repr": "Сроки приёмной компании", "action_flag": 1, "change_message": "[{\"added\": {}}]"}}, {"model": "admin.logentry", "pk": 116, "fields": {"action_time": "2022-05-11T13:55:06.956Z", "user": 1, "content_type": 7, "object_id": "66", "object_repr": "Подать документы", "action_flag": 2, "change_message": "[{\"changed\": {\"fields\": [\"Text\"]}}]"}}, {"model": "admin.logentry", "pk": 117, "fields": {"action_time": "2022-05-11T13:55:30.756Z", "user": 1, "content_type": 7, "object_id": "86", "object_repr": "Подать документы", "action_flag": 1, "change_message": "[{\"added\": {}}]"}}, {"model": "admin.logentry", "pk": 118, "fields": {"action_time": "2022-05-11T13:56:57.757Z", "user": 1, "content_type": 7, "object_id": "87", "object_repr": "Правила приема", "action_flag": 1, "change_message": "[{\"added\": {}}]"}}, {"model": "admin.logentry", "pk": 119, "fields": {"action_time": "2022-05-11T13:57:13.831Z", "user": 1, "content_type": 8, "object_id": "40", "object_repr": "Поступить в АГУ просто:\r\nШАГ 1. ...", "action_flag": 2, "change_message": "[{\"changed\": {\"fields\": [\"\\u0422\\u0435\\u043a\\u0441\\u0442 \\u0441\\u043e\\u043e\\u0431\\u0449\\u0435\\u043d\\u0438\\u044f\"]}}]"}}, {"model": "admin.logentry", "pk": 120, "fields": {"action_time": "2022-05-11T13:59:00.401Z", "user": 1, "content_type": 7, "object_id": "88", "object_repr": "Внутренние тесты", "action_flag": 1, "change_message": "[{\"added\": {}}]"}}, {"model": "admin.logentry", "pk": 121, "fields": {"action_time": "2022-05-11T13:59:20.033Z", "user": 1, "content_type": 7, "object_id": "89", "object_repr": "Консультации преподавателей", "action_flag": 1, "change_message": "[{\"added\": {}}]"}}, {"model": "admin.logentry", "pk": 122, "fields": {"action_time": "2022-05-11T13:59:45.021Z", "user": 1, "content_type": 7, "object_id": "90", "object_repr": "Пребывание на территории РФ", "action_flag": 1, "change_message": "[{\"added\": {}}]"}}, {"model": "admin.logentry", "pk": 123, "fields": {"action_time": "2022-05-11T14:01:52.149Z", "user": 1, "content_type": 8, "object_id": "41", "object_repr": "В 2022 году документы в приемную...", "action_flag": 1, "change_message": "[{\"added\": {}}]"}}, {"model": "admin.logentry", "pk": 124, "fields": {"action_time": "2022-05-11T14:01:55.785Z", "user": 1, "content_type": 10, "object_id": "69", "object_repr": "Кнопка: Подать документы -> В 2022 году документы в приемную...", "action_flag": 1, "change_message": "[{\"added\": {}}]"}}, {"model": "admin.logentry", "pk": 125, "fields": {"action_time": "2022-05-11T14:02:18.604Z", "user": 1, "content_type": 7, "object_id": "91", "object_repr": "Личный кабинет", "action_flag": 1, "change_message": "[{\"added\": {}}]"}}, {"model": "admin.logentry", "pk": 126, "fields": {"action_time": "2022-05-11T14:03:13.141Z", "user": 1, "content_type": 10, "object_id": "70", "object_repr": "Кнопка: Образовательные программы АГУ -> Выбери уровень образования, кото...", "action_flag": 1, "change_message": "[{\"added\": {}}]"}}, {"model": "admin.logentry", "pk": 127, "fields": {"action_time": "2022-05-11T14:03:23.710Z", "user": 1, "content_type": 10, "object_id": "71", "object_repr": "Кнопка: Сроки приёмной компании -> Сроки приёмной компании 2022.\r\n\r...", "action_flag": 1, "change_message": "[{\"added\": {}}]"}}, {"model": "admin.logentry", "pk": 128, "fields": {"action_time": "2022-05-11T14:04:13.740Z", "user": 1, "content_type": 10, "object_id": "72", "object_repr": "Кнопка: Подать документы -> В 2022 году документы в приемную...", "action_flag": 1, "change_message": "[{\"added\": {}}]"}}, {"model": "admin.logentry", "pk": 129, "fields": {"action_time": "2022-05-11T14:05:15.886Z", "user": 1, "content_type": 8, "object_id": "42", "object_repr": "По приезду все иностранные студе...", "action_flag": 1, "change_message": "[{\"added\": {}}]"}}, {"model": "admin.logentry", "pk": 130, "fields": {"action_time": "2022-05-11T14:05:18.163Z", "user": 1, "content_type": 10, "object_id": "73", "object_repr": "Кнопка: Пребывание на территории РФ -> По приезду все иностранные студе...", "action_flag": 1, "change_message": "[{\"added\": {}}]"}}, {"model": "admin.logentry", "pk": 131, "fields": {"action_time": "2022-05-11T14:05:36.372Z", "user": 1, "content_type": 10, "object_id": "74", "object_repr": "Сообщение: По приезду все иностранные студе... -> Чтобы начать сначала, нажмите кн...", "action_flag": 1, "change_message": "[{\"added\": {}}]"}}, {"model": "admin.logentry", "pk": 132, "fields": {"action_time": "2022-05-11T14:07:33.480Z", "user": 1, "content_type": 7, "object_id": "67", "object_repr": "Рейтинг абитуриентов", "action_flag": 3, "change_message": ""}}, {"model": "auth.user", "pk": 1, "fields": {"password": "pbkdf2_sha256$320000$GO7uocYadATwL8hUOcDvem$6inh5COj+OHvwcsaJgEfL1Ha/3qiVOZ5icw4mUCGvhs=", "last_login": "2022-05-11T12:54:51.361Z", "is_superuser": true, "username": "admin", "first_name": "", "last_name": "", "email": "", "is_staff": true, "is_active": true, "date_joined": "2022-04-25T10:43:49.562Z", "groups": [], "user_permissions": []}}, {"model": "sessions.session", "pk": "0l0mrgm0w25cwpo8xvyvqeb7x6dl2ur2", "fields": {"session_data": ".eJxVjMsOwiAURP-FtSG8Hy7d9xsI3EulaiAp7cr479KkC11NMufMvEmI-1bC3vMaFiRXwsnlt0sRnrkeAB-x3huFVrd1SfRQ6Ek7nRrm1-10_w5K7GWshTIZlGaoDU8jZyajSLPlHjgACpGN194ylgS4YaG0DsCiljkKpzT5fAHOsjdl:1nkN9I:VlH3xRvz30nGzfnUefAiUSDHKzply_WfOvzh177q-sg", "expire_date": "2022-05-13T09:42:52.151Z"}}, {"model": "sessions.session", "pk": "4kjvhb03eukun1kg8c16jo1aw4he5qvt", "fields": {"session_data": ".eJxVjMEOwiAQRP-FsyFAcQsevfsNZBe2UjWQlPZk_Hdp0oPeJm_ezFsE3NYctsZLmJO4CC1Ov4wwPrnsRXpguVcZa1mXmeSuyKNt8lYTv66H-3eQseW-tmDVCKyNdgoQvDXKENCgRt_hkIxnMJaRKAL1kHDiCVmrM4F1zonPF7KHN2U:1nmtBY:c63W_tQO-riI_ZEx3HcEkkNnKKOib-ZssfcIoT4G_uY", "expire_date": "2022-05-20T08:19:36.225Z"}}, {"model": "sessions.session", "pk": "aw8shkf59j9bnw5jqit9y5zvb5oxndw4", "fields": {"session_data": ".eJxVjMEOwiAQRP-FsyFAcQsevfsNZBe2UjWQlPZk_Hdp0oPeJm_ezFsE3NYctsZLmJO4CC1Ov4wwPrnsRXpguVcZa1mXmeSuyKNt8lYTv66H-3eQseW-tmDVCKyNdgoQvDXKENCgRt_hkIxnMJaRKAL1kHDiCVmrM4F1zonPF7KHN2U:1nmnyQ:YIDljyqLzfjF2Uj45nOiKfSueZYwKp3RTmKXiLls0no", "expire_date": "2022-05-20T02:45:42.371Z"}}, {"model": "sessions.session", "pk": "bupxadnehzj3mgekywdjo44najj4htft", "fields": {"session_data": ".eJxVjMsOwiAURP-FtSG8Hy7d9xsI3EulaiAp7cr479KkC11NMufMvEmI-1bC3vMaFiRXwsnlt0sRnrkeAB-x3huFVrd1SfRQ6Ek7nRrm1-10_w5K7GWshTIZlGaoDU8jZyajSLPlHjgACpGN194ylgS4YaG0DsCiljkKpzT5fAHOsjdl:1niwCQ:dnhF9h3SqAoZXKDXFTEOykUwIbBP4gJ-OoXzNV07qgM", "expire_date": "2022-05-09T10:44:10.811Z"}}, {"model": "sessions.session", "pk": "jfc6861eacxl03g49476lofknmt3civi", "fields": {"session_data": ".eJxVjMEOwiAQRP-FsyFAcQsevfsNZBe2UjWQlPZk_Hdp0oPeJm_ezFsE3NYctsZLmJO4CC1Ov4wwPrnsRXpguVcZa1mXmeSuyKNt8lYTv66H-3eQseW-tmDVCKyNdgoQvDXKENCgRt_hkIxnMJaRKAL1kHDiCVmrM4F1zonPF7KHN2U:1nmsMB:VZNIxvpJqDF6KwldchEp-MOblGLmSD2AZ4yqDOaFNHA", "expire_date": "2022-05-20T07:26:31.647Z"}}, {"model": "sessions.session", "pk": "mlwck57rdbbiga8d3sfiydicz8u41pml", "fields": {"session_data": ".eJxVjMEOwiAQRP-FsyFAcQsevfsNZBe2UjWQlPZk_Hdp0oPeJm_ezFsE3NYctsZLmJO4CC1Ov4wwPrnsRXpguVcZa1mXmeSuyKNt8lYTv66H-3eQseW-tmDVCKyNdgoQvDXKENCgRt_hkIxnMJaRKAL1kHDiCVmrM4F1zonPF7KHN2U:1nolrf:ygy0v_k-nFhdJvTfJbMqwzUMfQkzbMMnn6eX_jXKlWw", "expire_date": "2022-05-25T12:54:51.542Z"}}, {"model": "sessions.session", "pk": "r33s6zmtrqhh0gcttkfqumbb0ot7b42z", "fields": {"session_data": ".eJxVjMEOwiAQRP-FsyFAcQsevfsNZBe2UjWQlPZk_Hdp0oPeJm_ezFsE3NYctsZLmJO4CC1Ov4wwPrnsRXpguVcZa1mXmeSuyKNt8lYTv66H-3eQseW-tmDVCKyNdgoQvDXKENCgRt_hkIxnMJaRKAL1kHDiCVmrM4F1zonPF7KHN2U:1nmbPj:qif6WRxBpiEI74T4CDa14bC-7-2xwbijr3OvBrbLFFg", "expire_date": "2022-05-19T13:21:03.813Z"}}, {"model": "sessions.session", "pk": "zq6au62jlw24b48y40inw9gmxryyvwlm", "fields": {"session_data": ".eJxVjMEOwiAQRP-FsyFAcQsevfsNZBe2UjWQlPZk_Hdp0oPeJm_ezFsE3NYctsZLmJO4CC1Ov4wwPrnsRXpguVcZa1mXmeSuyKNt8lYTv66H-3eQseW-tmDVCKyNdgoQvDXKENCgRt_hkIxnMJaRKAL1kHDiCVmrM4F1zonPF7KHN2U:1noluH:PHayflaU0lCSw6nJQUWtA6iuuZOHNPZIgQu1gfvtUM4", "expire_date": "2022-05-25T12:57:33.101Z"}}, {"model": "constructor.message", "pk": 34, "fields": {"text": "Привет, дорогой абитуриент! Я - чат-бот Рубцовского института (филиала) АлтГУ.\r\nЯ создан, чтобы помочь тебе разобраться в вопросах поступления в вуз.\r\nВыбери, чем я могу быть полезен тебе сегодня:"}}, {"model": "constructor.message", "pk": 35, "fields": {"text": "Выбери уровень образования, который тебя интересует:"}}, {"model": "constructor.message", "pk": 36, "fields": {"text": "Специальности среднего профессионального образования:\r\n38.02.01. Экономика и бухгалтерский учет (по отраслям)\r\n38.02.06 Финансы\r\n09.02.07 Информационные системы и программирование\r\n40.02.02 Правоохранительная деятельность\r\n21.02.05 Земельно-имущественные отношения"}}, {"model": "constructor.message", "pk": 37, "fields": {"text": "Направления подготовки высшего образования:\r\n44.03.01 Педагогическое образование, профиль \"Обществознание\"\r\n09.03.03 Прикладная информатика, профиль \"Цифровые технологии и управление данными\r\n40.03.01 Юриспруденция, профиль \"Общеправовой\"\r\n42.03.01 Реклама и связи с общественностью\r\n38.03.01 Экономика, профиль \"Цифровая экономика и финансы\"\r\n37.03.01 Психология, профиль \"Общая психология и психология личности\"\r\n38.03.04 Государственное и муниципальное управление, профиль \"Цифровое государство\""}}, {"model": "constructor.message", "pk": 38, "fields": {"text": "Сроки приёмной компании 2022.\r\n\r\nДля поступления на бюджет (бакалавриат, специалитет).\r\n- Срок приема документов – 17 июня - 18 июля 2022\r\n- Срок завершения вступительных испытаний – 25 июля 2022\r\n- Дата окончания предоставления согласия на зачисления – 3 августа 2022\r\n- Дата зачисления – 9 августа 2022\r\n\r\nДля поступления платно (бакалавриат, специалитет)\r\n- Срок приема документов (очная форма обучения) – 17 июня – 26 августа 2022\r\n- Срок проведения вступительных испытаний – по мере комплектования групп\r\n- Даты окончания предоставления согласия на зачисления (очная форма обучения) – 21 июля, 11, 18, 30 августа 2022\r\n- Даты зачисления (очная форма обучения) – 22 июля, 12, 19, 31 августа 2022\r\n- Срок приема документов (очно-заочная, заочная формы обучения) – 17 июня – 24 октября 2022\r\n- Даты окончания предоставления согласия на зачисления (очно-заочная, заочная формы обучения) – 21 июля, 20 августа, 9, 29 сентября, 28 октября 2022\r\n- Даты зачисления (очно-заочная, заочная формы обучения) – 22 июля, 22 августа, 12, 30 сентября, 31 октября 2022."}}, {"model": "constructor.message", "pk": 39, "fields": {"text": "Чтобы начать сначала, нажмите кнопку ниже"}}, {"model": "constructor.message", "pk": 40, "fields": {"text": "Поступить в АГУ просто:\r\nШАГ 1. Выбери образовательную программу (места для поступления в 2022 году)\r\nШАГ 2. Ознакомься со сроками приемной кампании 2022\r\nШАГ 3. Подай документы\r\nШАГ 4. Ознакомься с правилами приема\r\nШАГ 5. Сдай вступительные испытания\r\nШАГ 6. Оформи свое пребывание на территории Российской Федерации\r\n\r\nПодробнее - https://rb.asu.ru/content/11841"}}, {"model": "constructor.message", "pk": 41, "fields": {"text": "В 2022 году документы в приемную комиссию университета могут быть предоставлены лично, отправлены с помощью почтовой связи или курьерской службы, либо направлены в электронной форме через личный кабинет на сайте «Абитуриент АГУ».\r\n\r\nПеречень документов:\r\n- Анкета (заполняется в личном кабинете)\r\n- Документ, подтверждающий личность, гражданство\r\n- Документ об образовании\r\n- Две фотографии «на документы» для поступающих по результатам вступительных испытаний, проводимых вузом самостоятельно\r\n- Документы, подтверждающие индивидуальные достижения"}}, {"model": "constructor.message", "pk": 42, "fields": {"text": "По приезду все иностранные студенты обязательно должны встать на миграционный учет в течение семи (7) дней с даты въезда на территорию Российской Федерации."}}, {"model": "constructor.button", "pk": 63, "fields": {"message": 34, "text": "Как поступить в АГУ?", "link": null, "number": 1}}, {"model": "constructor.button", "pk": 64, "fields": {"message": 34, "text": "Образовательные программы АГУ", "link": null, "number": 2}}, {"model": "constructor.button", "pk": 65, "fields": {"message": 34, "text": "Сроки приемной компании", "link": null, "number": 3}}, {"model": "constructor.button", "pk": 66, "fields": {"message": 34, "text": "Подать документы", "link": null, "number": 4}}, {"model": "constructor.button", "pk": 68, "fields": {"message": 34, "text": "Сайт", "link": "https://rb.asu.ru/content/6902", "number": 6}}, {"model": "constructor.button", "pk": 69, "fields": {"message": 35, "text": "СПО", "link": null, "number": 1}}, {"model": "constructor.button", "pk": 70, "fields": {"message": 35, "text": "Высшее образование", "link": null, "number": 2}}, {"model": "constructor.button", "pk": 71, "fields": {"message": 36, "text": "Экономика и бухгалтерский учет", "link": "https://rb.asu.ru/content/article/12657", "number": 1}}, {"model": "constructor.button", "pk": 72, "fields": {"message": 36, "text": "Финансы", "link": "https://rb.asu.ru/content/article/12656", "number": 2}}, {"model": "constructor.button", "pk": 73, "fields": {"message": 36, "text": "Информационные системы и программировани", "link": "https://rb.asu.ru/content/article/12651", "number": 3}}, {"model": "constructor.button", "pk": 74, "fields": {"message": 36, "text": "Правоохранительная деятельность", "link": "https://rb.asu.ru/content/article/12594", "number": 4}}, {"model": "constructor.button", "pk": 75, "fields": {"message": 36, "text": "Земельно-имущественные отношения", "link": "https://rb.asu.ru/content/article/12592", "number": 5}}, {"model": "constructor.button", "pk": 76, "fields": {"message": 37, "text": "Педагогическое образование", "link": "https://rb.asu.ru/content/article/13135", "number": 1}}, {"model": "constructor.button", "pk": 77, "fields": {"message": 37, "text": "Прикладная информатика", "link": "https://rb.asu.ru/content/article/12599", "number": 2}}, {"model": "constructor.button", "pk": 78, "fields": {"message": 37, "text": "Юриспруденция", "link": "https://rb.asu.ru/content/article/12593", "number": 3}}, {"model": "constructor.button", "pk": 79, "fields": {"message": 37, "text": "Реклама и связи с общественностью", "link": "https://rb.asu.ru/content/article/12591", "number": 4}}, {"model": "constructor.button", "pk": 80, "fields": {"message": 37, "text": "Экономика", "link": "https://rb.asu.ru/content/article/12583", "number": 5}}, {"model": "constructor.button", "pk": 81, "fields": {"message": 37, "text": "Психология", "link": "https://rb.asu.ru/content/article/12580", "number": 6}}, {"model": "constructor.button", "pk": 82, "fields": {"message": 37, "text": "Государственное и муниципальное управлен", "link": "https://rb.asu.ru/content/article/12574", "number": 7}}, {"model": "constructor.button", "pk": 83, "fields": {"message": 39, "text": "Начать", "link": null, "number": 1}}, {"model": "constructor.button", "pk": 84, "fields": {"message": 40, "text": "Образовательные программы АГУ", "link": null, "number": 1}}, {"model": "constructor.button", "pk": 85, "fields": {"message": 40, "text": "Сроки приёмной компании", "link": null, "number": 2}}, {"model": "constructor.button", "pk": 86, "fields": {"message": 40, "text": "Подать документы", "link": null, "number": 3}}, {"model": "constructor.button", "pk": 87, "fields": {"message": 40, "text": "Правила приема", "link": "https://www.asu.ru/files/documents/00024898.pdf", "number": 4}}, {"model": "constructor.button", "pk": 88, "fields": {"message": 40, "text": "Внутренние тесты", "link": "https://abiturient.asu.ru/demotest/", "number": 5}}, {"model": "constructor.button", "pk": 89, "fields": {"message": 40, "text": "Консультации преподавателей", "link": "https://www.youtube.com/playlist?list=PLgEF06w8GxLT1giUgZwI4DKCEOP71HLHn", "number": 6}}, {"model": "constructor.button", "pk": 90, "fields": {"message": 40, "text": "Пребывание на территории РФ", "link": null, "number": 7}}, {"model": "constructor.button", "pk": 91, "fields": {"message": 41, "text": "Личный кабинет", "link": "https://lk.abiturient.asu.ru/user/sign-in/login", "number": 1}}, {"model": "constructor.trigger", "pk": 60, "fields": {"text": "/start", "button": null, "message": null, "next_message": 34}}, {"model": "constructor.trigger", "pk": 61, "fields": {"text": "начать", "button": null, "message": null, "next_message": 34}}, {"model": "constructor.trigger", "pk": 62, "fields": {"text": null, "button": 64, "message": null, "next_message": 35}}, {"model": "constructor.trigger", "pk": 63, "fields": {"text": null, "button": 69, "message": null, "next_message": 36}}, {"model": "constructor.trigger", "pk": 64, "fields": {"text": null, "button": 70, "message": null, "next_message": 37}}, {"model": "constructor.trigger", "pk": 65, "fields": {"text": null, "button": 65, "message": null, "next_message": 38}}, {"model": "constructor.trigger", "pk": 66, "fields": {"text": null, "button": 83, "message": null, "next_message": 34}}, {"model": "constructor.trigger", "pk": 67, "fields": {"text": null, "button": null, "message": 38, "next_message": 39}}, {"model": "constructor.trigger", "pk": 68, "fields": {"text": null, "button": 63, "message": null, "next_message": 40}}, {"model": "constructor.trigger", "pk": 69, "fields": {"text": null, "button": 66, "message": null, "next_message": 41}}, {"model": "constructor.trigger", "pk": 70, "fields": {"text": null, "button": 84, "message": null, "next_message": 35}}, {"model": "constructor.trigger", "pk": 71, "fields": {"text": null, "button": 85, "message": null, "next_message": 38}}, {"model": "constructor.trigger", "pk": 72, "fields": {"text": null, "button": 86, "message": null, "next_message": 41}}, {"model": "constructor.trigger", "pk": 73, "fields": {"text": null, "button": 90, "message": null, "next_message": 42}}, {"model": "constructor.trigger", "pk": 74, "fields": {"text": null, "button": null, "message": 42, "next_message": 39}}]